,Dis No,Year,Seq,Glide,Disaster Group,Disaster Subgroup,Disaster Type,Disaster Subtype,Disaster Subsubtype,Event Name,Country,ISO,Region,Continent,Location,Origin,Associated Dis,Associated Dis2,OFDA Response,Appeal,Declaration,AID Contribution ('000 US$),Dis Mag Value,Dis Mag Scale,Latitude,Longitude,Local Time,River Basin,Start Year,Start Month,Start Day,End Year,End Month,End Day,Total Deaths,No Injured,No Affected,No Homeless,Total Affected,Reconstruction Costs ('000 US$),"Reconstruction Costs, Adjusted ('000 US$)",Insured Damages ('000 US$),"Insured Damages, Adjusted ('000 US$)",Total Damages ('000 US$),"Total Damages, Adjusted ('000 US$)",CPI,Adm Level,Admin1 Code,Admin2 Code,Geo Locations
192,1985-0257-GRC,1985,257,,Natural,Meteorological,Extreme temperature ,Heat wave,,,Greece,GRC,Southern Europe,Europe,Countrywide,,,,,,,,,°C,,,,,1985,8.0,5.0,1985,8.0,5.0,20.0,,,,,,,,,,,36.7554679439105,,,,
209,1987-0596-GRC,1987,596,,Natural,Meteorological,Extreme temperature ,Heat wave,,,Greece,GRC,Southern Europe,Europe,,,,,,No,No,,41.0,°C,,,,,1987,7.0,20.0,1987,7.0,31.0,1000.0,,,,,,,,,,,38.8256008137732,,,,
217,1988-0298-GRC,1988,298,,Natural,Meteorological,Extreme temperature ,Heat wave,,,Greece,GRC,Southern Europe,Europe,,,,,,,,,,°C,,,,,1988,7.0,3.0,1988,7.0,3.0,56.0,,,,,,,,,,,40.4088060501708,,,,
371,1990-0085-FRA,1990,85,,Natural,Meteorological,Extreme temperature ,Heat wave,,,France,FRA,Western Europe,Europe,Southwestern,,,,,,,,40.0,°C,,,,,1990,7.0,24.0,1990,7.0,24.0,5.0,,,,,,,,,,,44.6458774383636,,,,
543,1995-0157-ESP,1995,157,,Natural,Meteorological,Extreme temperature ,Heat wave,,,Spain,ESP,Southern Europe,Europe,Andalusia,,,,,,,,47.0,°C,,,,,1995,7.0,25.0,1995,7.0,25.0,30.0,70.0,,,70.0,,,,,,,52.0692986874991,,,,
597,1998-0204-ITA,1998,204,,Natural,Meteorological,Extreme temperature ,Heat wave,,,Italy,ITA,Southern Europe,Europe,Calabria,,,,,,,,46.0,°C,,,,,1998,7.0,4.0,1998,7.0,4.0,10.0,,,,,,,,,,,55.6998628053472,,,,
614,1995-0363-RUS,1995,363,,Natural,Meteorological,Extreme temperature ,Heat wave,,,Russian Federation (the),RUS,Eastern Europe,Europe,Moscou,,,,,,,,,°C,,,,,1995,6.0,14.0,1995,6.0,14.0,20.0,,,,,,,,,,,52.0692986874991,,,,
622,1996-0362-ROU,1996,362,,Natural,Meteorological,Extreme temperature ,Heat wave,,,Romania,ROU,Eastern Europe,Europe,,,,,,,,,40.0,°C,,,,,1996,7.0,4.0,1996,7.0,4.0,16.0,200.0,,,200.0,,,,,,,53.5955608540084,,,,
647,1998-0250-ROU,1998,250,,Natural,Meteorological,Extreme temperature ,Heat wave,,,Romania,ROU,Eastern Europe,Europe,,,,,,,,,39.0,°C,,,,,1998,8.0,3.0,1998,8.0,3.0,20.0,,,,,,,,,,,55.6998628053472,,,,
674,2000-0382-BGR,2000,382,,Natural,Meteorological,Extreme temperature ,Heat wave,,,Bulgaria,BGR,Eastern Europe,Europe,"Sofia, Sofia-city, Stata Zagora, Blagoevgrad, Vidin provinces",,,,,,,,43.0,°C,,,,,2000,6.0,,2000,7.0,,7.0,,,,,,,,,50.0,85.0,58.8406484917497,1,702;722;723;724;728,,"Blagoevgrad, Sofia, Sofia-city, Stara Zagora, Vidin (Adm1). "
739,2000-0379-GRC,2000,379,,Natural,Meteorological,Extreme temperature ,Heat wave,,,Greece,GRC,Southern Europe,Europe,"Anatoliki Makedonia Kai Thraki, Attiki, Dytiki Ellada, Dytiki Makedonia, Ionioi Nisoi, Ipeiros, Kentriki Makedonia, Kriti, Peloponnisos, Sterea Ellada, Thessalia, Voreio Aigaio, Notio Aigaio provinces",,,,,,,,44.0,°C,,,,,2000,7.0,,2000,7.0,,27.0,176.0,,,176.0,,,,,3000.0,5099.0,58.8406484917497,1,1336;1337;1338;1339;1340;1341;1342;1343;1345;1346;1347;1348;40766,,"Anatoliki Makedonia Kai Thraki, Attiki, Dytiki Ellada, Dytiki Makedonia, Ionioi Nisoi, Ipeiros, Kentriki Makedonia, Kriti, Notio Aigaio, Peloponnisos, Sterea Ellada, Thessalia, Voreio Aigaio (Adm1). "
745,2000-0324-HRV,2000,324,,Natural,Meteorological,Extreme temperature ,Heat wave,,,Croatia,HRV,Southern Europe,Europe,"Zagreb city (Zagreb province), Split city (Split-dalmatija province), Osijek city (Osijek-baranja province), Rijeka city (Primorje-gorski Kota province)",,,,,,,,35.0,°C,,,,,2000,6.0,,2000,6.0,,40.0,200.0,,,200.0,,,,,240000.0,407881.0,58.8406484917497,1,997;999;1003;1008,,"Osijek-baranja, Primorje-gorski Kota, Split-dalmatija, Zagreb (Adm1). "
794,2000-0380-ROU,2000,380,,Natural,Meteorological,Extreme temperature ,Heat wave,,,Romania,ROU,Eastern Europe,Europe,"Bucuresti, Dolj provinces",,,,,,,,43.0,°C,,,,,2000,7.0,,2000,7.0,,6.0,100.0,,,100.0,,,,,,,58.8406484917497,1,2455;2463,,"Bucuresti, Dolj (Adm1). "
944,2001-0404-RUS,2001,404,,Natural,Meteorological,Extreme temperature ,Heat wave,,,Russian Federation (the),RUS,Eastern Europe,Europe,"Moskva, Moskovskaya Oblast provinces",,,,,,,,30.0,°C,,,,,2001,7.0,,2001,7.0,,276.0,,,,,,,,,,,60.5035788853056,1,2534;2535,,"Moskovskaya Oblast, Moskva (Adm1). "
980,2003-0391-AUT,2003,391,,Natural,Meteorological,Extreme temperature ,Heat wave,,,Austria,AUT,Western Europe,Europe,"Burgenland, Karnten, Niederosterreich, Oberosterreich, Steiernark, Salzburg, Tirol, Voralberg, Wien provinces",,Wildfire,Drought,,,,,,°C,,,,,2003,7.0,,2003,8.0,,345.0,,,,,,,,,280000.0,445445.0,62.8584595000413,1,478;479;480;481;482;483;484;485;486,,"Burgenland, Karnten, Niederosterreich, Oberosterreich, Salzburg, Steiermark, Tirol, Vorarlberg, Wien (Adm1). "
982,2003-0391-BEL,2003,391,,Natural,Meteorological,Extreme temperature ,Heat wave,,,Belgium,BEL,Western Europe,Europe,"Region de Bruxelles-Capitale/Brussels Hoofdstedelijk Gewes, Region wallonne, Vlaams Gewest provinces",,Drought,,,,,,,°C,,,,,2003,8.0,1.0,2003,8.0,15.0,1175.0,,,,,,,,,,,62.8584595000413,1,600;601;602,,"Region de Bruxelles-Capitale / Brussels Hoofdstedelijk Gewes, Region wallonne, Vlaams Gewest (Adm1). "
987,2004-0333-ALB,2004,333,,Natural,Meteorological,Extreme temperature ,Heat wave,,,Albania,ALB,Southern Europe,Europe,"Durres city (Durres district, Durres province)",,,,,,,,38.0,°C,,,,,2004,7.0,1.0,2004,7.0,,3.0,,,,,,,,,,,64.5413292817447,2,,3819,Durres (Adm2). 
996,2003-0391-DEU,2003,391,,Natural,Meteorological,Extreme temperature ,Heat wave,,,Germany,DEU,Western Europe,Europe,"Baden-Wuerttemberg, Bayern, Berlin, Brandenburg, Bremen, Hamburg, Hessen, Mecklenburg-Vorpommern, Nierdersachsen, Nordrhein-Westfalen, Rheinland-Pfalz, Saarland, Sachsen, Sachsen-Anhalt, Schleswig-Holstein, Thueringen provinces",,Drought,,,,,,,°C,,,,,2003,8.0,,2003,8.0,,9355.0,,,,,,,10000.0,15909.0,1650000.0,2624945.0,62.8584595000413,1,1308;1309;1310;1311;1312;1313;1314;1315;1316;1317;1318;1319;1320;1321;1322;1323,,"Baden-Wuerttemberg, Bayern, Berlin, Brandenburg, Bremen, Hamburg, Hessen, Mecklenburg-Vorpommern, Niedersachsen, Nordrhein-Westfalen, Rheinland-Pfalz, Saarland, Sachsen, Sachsen-Anhalt, Schleswig-Holstein, Thueringen (Adm1). "
997,2003-0391-ESP,2003,391,,Natural,Meteorological,Extreme temperature ,Heat wave,,,Spain,ESP,Southern Europe,Europe,Andaloucia province,,Drought,,,,,,40.0,°C,,,,,2003,8.0,1.0,2003,8.0,11.0,15090.0,,,,,,,,,880000.0,1399971.0,62.8584595000413,1,2716,,Andalucía (Adm1). 
998,2003-0391-FRA,2003,391,,Natural,Meteorological,Extreme temperature ,Heat wave,,,France,FRA,Western Europe,Europe,"Alsace, Aquitaine, Auvergne, Basse-Normandie, Bourgogne, Bretagne, Centre, Champagne-Ardenne, Corse, Franche-Compte, Haute-Normandie, Ile-de-France, Languedoc-Rousillon, Limousin, Lorraine, Nord-Pas-de-Calais, Pays-de-la-Loire, Picardie, Poitou-Charentes, Provence-Alpes-Côte-D'azur, Rhône-Alpes, Midi-Pyrénées provinces",,Drought,,,,,,43.0,°C,,,,,2003,8.0,1.0,2003,8.0,20.0,19490.0,,,,,,,,,4400000.0,6999853.0,62.8584595000413,1,1248;1249;1250;1251;1252;1253;1254;1255;1256;1257;1258;1259;1260;1262;1263;1264;1265;1266;1267;1268;1269;1270,,"Alsace, Aquitaine, Auvergne, Basse-Normandie, Bourgogne, Bretagne, Centre, Champagne-Ardenne, Corse, Franche-Comte, Haute-Normandie, Ile-de-France, Languedoc-Rousillon, Limousin, Lorraine, Midi-Pyrenees, Nord-Pas-de-Calais, Pays-de-la-Loire, Picardie, Poitou-Charentes, Provence-Alpes-Cote-d'Azur, Rhone-Alpes (Adm1). "
999,2003-0391-HRV,2003,391,,Natural,Meteorological,Extreme temperature ,Heat wave,,,Croatia,HRV,Southern Europe,Europe,"Bjelovar-bilogora, Dubrovnik-Neretva, Grad Zagreb, Istra, Karlovac, Koprivnica-krizevci, Krapina-zagorje, Lika-senj, Medimurje, Osijek-baranja, Pozega-slavonija, Primorje-gorski Kota, Šibenik, Sisak-moslavina, Slavonski Brod-posav, Split-dalmatija, Varazdin, Virovitica-podravina, Vukovar-srijem, Zadar-Knin, Zagreb provinces",,Drought,,,,,,,°C,,,,,2003,7.0,,2003,7.0,,788.0,,,,,,,,,,,62.8584595000413,1,988;989;990;991;992;993;994;995;996;997;998;999;1000;1001;1002;1003;1004;1005;1006;1007;1008,,"Bjelovar-bilogora, Dubrovnik-neretva, Grad Zagreb, Istra, Karlovac, Koprivnica-krizevci, Krapina-zagorje, Lika-senj, Medimurje, Osijek-baranja, Pozega-slavonija, Primorje-gorski Kota, Sibenik, Sisak-moslavina, Slavonski Brod-posav, Split-dalmatija, Varazdin, Virovitica-podravina, Vukovar-srijem, Zadar-knin, Zagreb (Adm1). "
1000,2003-0391-ITA,2003,391,,Natural,Meteorological,Extreme temperature ,Heat wave,,,Italy,ITA,Southern Europe,Europe,"Milano, Varese districts (Lombardia province), Torino district (Piemonte province), Firenze district (Toscana province), Lecce district (Puglia province), Genova district (Liguria province)",,Drought,,,,,,,°C,,,,,2003,7.0,16.0,2003,8.0,15.0,20089.0,,,,,,,,,4400000.0,6999853.0,62.8584595000413,2,,18352;18363;18366;18378;18384;18400,"Firenze, Genova, Lecce, Milano, Torino, Varese (Adm2). "
1006,2003-0391-GBR,2003,391,,Natural,Meteorological,Extreme temperature ,Heat wave,,,United Kingdom of Great Britain and Northern Ireland (the),GBR,Northern Europe,Europe,"England, Wales provinces",,,,,,,,,°C,,,,,2003,7.0,,2003,7.0,,301.0,,,,,,,,,,,62.8584595000413,1,3182;3186,,"England, Wales (Adm1). "
1019,2004-0361-ESP,2004,361,,Natural,Meteorological,Extreme temperature ,Heat wave,,,Spain,ESP,Southern Europe,Europe,"Andalucía, Castilla-La Mancha, Comunidad de Madrid, Comunitat Valenciana, Extremadura, Región de Murcia provinces",,,,,,,,,°C,,,,,2004,7.0,26.0,2004,7.0,30.0,26.0,,,,,,,,,,,64.5413292817447,1,2716;2723;2726;2727;2729;2731,,"Andalucía, Castilla-La Mancha, Comunidad de Madrid, Comunitat Valenciana, Extremadura, Región de Murcia (Adm1). "
1046,2003-0391-NLD,2003,391,,Natural,Meteorological,Extreme temperature ,Heat wave,,,Netherlands (the),NLD,Western Europe,Europe,"Drenthe, Flevoland, Friesland, Gelderland, Groninge, Limburg, Noord-brabant, Noord-holland,Overijssel, Utrecht, Zeeland, Zuit-holland provinces",,,,,,,,,°C,,,,,2003,7.0,31.0,2003,8.0,13.0,965.0,,,,,,,,,,,62.8584595000413,1,2158;2159;2160;2161;2162;2163;2164;2165;2166;2167;2168;2169,,"Drenthe, Flevoland, Friesland, Gelderland, Groningen, Limburg, Noord-brabant, Noord-holland, Overijssel, Utrecht, Zeeland, Zuid-holland (Adm1). "
1047,2003-0391-PRT,2003,391,,Natural,Meteorological,Extreme temperature ,Heat wave,,,Portugal,PRT,Southern Europe,Europe,"Aveiro, Beja, Braga, Braganca, Castelo Branco, Coimbra, Evora, Faro, Guadra, Leiria, Lisboa, Portoalegre, Porto, Santarem, Setubal, Viana Do Castelo, Vila Real, Viseu provinces",,,,,,,,,°C,,,,,2003,7.0,30.0,2003,8.0,15.0,2696.0,,,,,,,,,,,62.8584595000413,1,2386;2387;2388;2389;2390;2391;2392;2393;2394;2405;2406;2407;2408;2409;2410;2411;2412;2413,,"Aveiro, Beja, Braga, Braganca, Castelo Branco, Coimbra, Evora, Faro, Guarda, Leiria, Lisboa, Portalegre, Porto, Santarem, Setubal, Viana Do Castelo, Vila Real, Viseu (Adm1). "
1065,2004-0333-ROU,2004,333,,Natural,Meteorological,Extreme temperature ,Heat wave,,,Romania,ROU,Eastern Europe,Europe,"Alba, Arad, Arges, Bacau, Bihor, Bistrita-nasaud, Botosani, Braila, Brasov, Bucuresti, Buzau, Calarasi, Caras-severin, Cluj, Constanta, Covasna, Dimbovita, Boj, Galati, Giurgiu, Gorj, Harghita, Hunedoara, Ialomita, Iasi, Maramures, Mehedinti, Mures, Neamt, Olt, Prahova, Salaj, Satu Mare, Sibiu, Suceava, Teleorman, Timis, Tulcea, Vaslui, Vilcea, Vrancea provinces",,,,,,,,38.0,°C,,,,,2004,7.0,1.0,2004,7.0,,27.0,,,,,,,,,,,64.5413292817447,1,2446;2447;2448;2449;2450;2451;2452;2453;2454;2455;2456;2457;2458;2459;2460;2461;2462;2463;2464;2465;2466;2467;2468;2469;2470;2471;2472;2473;2474;2475;2476;2477;2478;2479;2480;2481;2482;2483;2484;2485;2486,,"Alba, Arad, Arges, Bacau, Bihor, Bistrita-nasaud, Botosani, Braila, Brasov, Bucuresti, Buzau, Calarasi, Caras-severin, Cluj, Constanta, Covasna, Dimbovita, Dolj, Galati, Giurgiu, Gorj, Harghita, Hunedoara, Ialomita, Iasi, Maramures, Mehedinti, Mures, Neamt, Olt, Prahova, Salaj, Satu Mare, Sibiu, Suceava, Teleorman, Timis, Tulcea, Vaslui, Vilcea, Vrancea (Adm1). "
1142,2006-0383-BEL,2006,383,,Natural,Meteorological,Extreme temperature ,Heat wave,,,Belgium,BEL,Western Europe,Europe,"Vlaams Geweest, Region de bruxelles-Capitale/Brussels Hoofdstedelijk Gewes, Region wallonne",,,,,,,,,°C,,,,,2006,6.0,,2006,7.0,,940.0,,,,,,,,,,,68.8837587123464,1,600;601;602,,"Region de Bruxelles-Capitale / Brussels Hoofdstedelijk Gewes, Region wallonne, Vlaams Gewest (Adm1). "
1149,2006-0383-DEU,2006,383,,Natural,Meteorological,Extreme temperature ,Heat wave,,,Germany,DEU,Western Europe,Europe,"Dresden city (Dresden district, Sachsen province), Brombach lake (Mittelfranken district, Bayern province)",,,,,,,,,°C,,,,,2006,7.0,15.0,2006,7.0,23.0,2.0,,,,,,,,,,,68.8837587123464,2,,16530;16560,"Dresden, Mittelfranken (Adm2). "
1152,2006-0383-ESP,2006,383,,Natural,Meteorological,Extreme temperature ,Heat wave,,,Spain,ESP,Southern Europe,Europe,"Cataluña/Catalunya, Comunitat Valenciana provinces",,,,,,,,40.0,°C,,,,,2006,7.0,15.0,2006,8.0,4.0,21.0,,,,,,,,,,,68.8837587123464,1,2724;2726,,"Cataluña/Catalunya, Comunitat Valenciana (Adm1). "
1154,2006-0383-FRA,2006,383,,Natural,Meteorological,Extreme temperature ,Heat wave,,,France,FRA,Western Europe,Europe,"Alsace, Aquitaine, Auvergne, Basse-Normandie, Bourgogne, Bretagne, Centre, Champagne-Ardenne, Corse, Franche-Compte, Haute-Normandie, Ile-de-France, Languedoc-Rousillon, Limousin, Lorraine, Nord-Pas-de-Calais, Pays-de-la-Loire, Picardie, Poitou-Charentes, Provence-Alpes-Côte-D'azur, Rhône-Alpes, Midi-Pyrénées provinces",,,,,,,,37.0,°C,,,,,2006,7.0,15.0,2006,7.0,23.0,1388.0,,,,,,,,,,,68.8837587123464,1,1248;1249;1250;1251;1252;1253;1254;1255;1256;1257;1258;1259;1260;1262;1263;1264;1265;1266;1267;1268;1269;1270,,"Alsace, Aquitaine, Auvergne, Basse-Normandie, Bourgogne, Bretagne, Centre, Champagne-Ardenne, Corse, Franche-Comte, Haute-Normandie, Ile-de-France, Languedoc-Rousillon, Limousin, Lorraine, Midi-Pyrenees, Nord-Pas-de-Calais, Pays-de-la-Loire, Picardie, Poitou-Charentes, Provence-Alpes-Cote-d'Azur, Rhone-Alpes (Adm1). "
1184,2005-0820-PRT,2005,820,,Natural,Meteorological,Extreme temperature ,Heat wave,,,Portugal,PRT,Southern Europe,Europe,"Aveiro, Beja, Braga, Braganca, Castelo Branco, Coimbra, Evora, Faro, Guarda, Leiria, Lisboa, Portalegre, Porto, Santarem, Setubal, Viana Do Castelo, Vila Real, Viseu",,,,,,,,,°C,,,,,2005,6.0,,2005,8.0,,462.0,,,,,,,,,,,66.7310579862028,1,2386;2387;2388;2389;2390;2391;2392;2393;2394;2405;2406;2407;2408;2409;2410;2411;2412;2413,,"Aveiro, Beja, Braga, Braganca, Castelo Branco, Coimbra, Evora, Faro, Guarda, Leiria, Lisboa, Portalegre, Porto, Santarem, Setubal, Viana Do Castelo, Vila Real, Viseu (Adm1). "
1189,2005-0756-ROU,2005,756,,Natural,Meteorological,Extreme temperature ,Heat wave,,,Romania,ROU,Eastern Europe,Europe,Bucuresti province,,,,,,,,36.0,°C,,,,,2005,7.0,27.0,2005,8.0,1.0,13.0,500.0,,,500.0,,,,,,,66.7310579862028,1,2455,,Bucuresti (Adm1). 
1211,2006-0383-NLD,2006,383,,Natural,Meteorological,Extreme temperature ,Heat wave,,,Netherlands (the),NLD,Western Europe,Europe,"Drenthe, Flevoland, Friesland, Gelderland, Groninge, Limburg, Noord-brabant, Noord-holland,Overijssel, Utrecht, Zeeland, Zuit-holland provinces",,,,,,,,34.0,°C,,,,,2006,7.0,15.0,2006,7.0,23.0,1000.0,,,,,,,,,,,68.8837587123464,1,2158;2159;2160;2161;2162;2163;2164;2165;2166;2167;2168;2169,,"Drenthe, Flevoland, Friesland, Gelderland, Groningen, Limburg, Noord-brabant, Noord-holland, Overijssel, Utrecht, Zeeland, Zuid-holland (Adm1). "
1213,2006-0383-PRT,2006,383,,Natural,Meteorological,Extreme temperature ,Heat wave,,,Portugal,PRT,Southern Europe,Europe,"Aveiro, Beja, Braga, Braganca, Castelo Branco, Coimbra, Evora, Faro, Guadra, Leiria, Lisboa, Portoalegre, Porto, Santarem, Setubal, Viana Do Castelo, Vila Real, Viseu provinces",,,,,,,,47.0,°C,,,,,2006,7.0,11.0,2006,7.0,17.0,41.0,,,,,,,,,,,68.8837587123464,1,2386;2387;2388;2389;2390;2391;2392;2393;2394;2405;2406;2407;2408;2409;2410;2411;2412;2413,,"Aveiro, Beja, Braga, Braganca, Castelo Branco, Coimbra, Evora, Faro, Guarda, Leiria, Lisboa, Portalegre, Porto, Santarem, Setubal, Viana Do Castelo, Vila Real, Viseu (Adm1). "
1216,2006-0348-ROU,2006,348,,Natural,Meteorological,Extreme temperature ,Heat wave,,,Romania,ROU,Eastern Europe,Europe,"Bucarest, Galati, Mehedinti provinces",,,,,,,,36.0,°C,,,,,2006,6.0,29.0,2006,7.0,,26.0,200.0,,,200.0,,,,,,,68.8837587123464,1,2455;2464;2472,,"Bucuresti, Galati, Mehedinti (Adm1). "
1229,2007-0235-BGR,2007,235,HT-2007-000106,Natural,Meteorological,Extreme temperature ,Heat wave,,,Bulgaria,BGR,Eastern Europe,Europe,"Blagoevgrad, Burgas, Dobrich, Gabrovo, Haskovo, Jambol, Kardzhali, Kustendil, Lovech, Montana, Pazardzhik, Pernik, Pleven, Plovdiv, Razgrad, Ruse, Shumen, Silistra, Sliven, Smoljan, Sofia, Sofia-city, Stara Zagora, Targovishte, Varna, Veliko Tarnovo, Vidin, Vratca provinces",,Wildfire,Drought,,,Yes,,46.0,°C,,,,,2007,6.0,,2007,7.0,,2.0,50.0,,,50.0,,,,,,,70.848792703253,1,702;703;704;705;706;707;708;709;710;711;712;713;714;715;716;717;718;719;720;721;722;723;724;725;726;727;728;729,,"Blagoevgrad, Burgas, Dobrich, Gabrovo, Haskovo, Jambol, Kardzhali, Kustendil, Lovech, Montana, Pazardzhik, Pernik, Pleven, Plovdiv, Razgrad, Ruse, Shumen, Silistra, Sliven, Smoljan, Sofia, Sofia-city, Stara Zagora, Targovishte, Varna, Veliko Tarnovo, Vidin, Vratca (Adm1). "
1232,2007-0235-GRC,2007,235,HT-2007-000106,Natural,Meteorological,Extreme temperature ,Heat wave,,,Greece,GRC,Southern Europe,Europe,"Corfu Isl. (kerkyras district, Ionioi Nisoi province), Sterea Ellada, Peloponnisos, Thessalia, Dytiki Ellada, Attiki, Notio Aigaio province",,Wildfire,,,,,,46.0,°C,,,,,2007,6.0,,2007,7.0,,16.0,,,,,,,,,,,70.848792703253,1;2,1337;1338;1345;1346;1347;40766,16689,"Attiki, Dytiki Ellada, Notio Aigaio, Peloponnisos, Sterea Ellada, Thessalia (Adm1). Kerkyras (Adm2). "
1235,2007-0235-AUT,2007,235,HT-2007-000106,Natural,Meteorological,Extreme temperature ,Heat wave,,,Austria,AUT,Western Europe,Europe,"Burgenland, Karnten, Niederosterreich, Steiermark, Wien provinces",,,,,,,,39.0,°C,,,,,2007,7.0,,2007,7.0,,5.0,,,,,,,,,,,70.848792703253,1,478;479;480;483;486,,"Burgenland, Karnten, Niederosterreich, Steiermark, Wien (Adm1). "
1284,2007-0235-ROU,2007,235,HT-2007-000106,Natural,Meteorological,Extreme temperature ,Heat wave,,,Romania,ROU,Eastern Europe,Europe,"Caras-severin, Dolj, Olt, Teleorman, Giurgiu, Bucuresti, Iasi provinces",,Drought,,,,,,45.0,°C,,,,,2007,6.0,,2007,7.0,,30.0,,,,,,,,,,,70.848792703253,1,2455;2458;2463;2465;2470;2475;2481,,"Bucuresti, Caras-severin, Dolj, Giurgiu, Iasi, Olt, Teleorman (Adm1). "
1285,2007-0235-ITA,2007,235,HT-2007-000106,Natural,Meteorological,Extreme temperature ,Heat wave,,,Italy,ITA,Southern Europe,Europe,"Calabria, Sicilia, Trentino-alto Adige provinces",,Wildfire,,,,,,45.0,°C,,,,,2007,6.0,,2007,6.0,,6.0,,,,,,,,,,,70.848792703253,1,1618;1630;1632,,"Calabria, Sicilia, Trentino-alto Adige (Adm1). "
1295,2007-0235-SVK,2007,235,HT-2007-000106,Natural,Meteorological,Extreme temperature ,Heat wave,,,Slovakia,SVK,Eastern Europe,Europe,"Banska Bystrica, Bratislava, Kosice, Nitra, Presov, Trencin, Trnava, Zilna provinces",,,,,,,,40.0,°C,,,,,2007,7.0,15.0,2007,7.0,22.0,1.0,89.0,,,89.0,,,,,,,70.848792703253,1,2667;2668;2669;2670;2671;2672;2673;2674,,"Banska Bystrica, Bratislava, Kosice, Nitra, Presov, Trencin, Trnava, Zilna (Adm1). "
1384,2011-0329-ITA,2011,329,,Natural,Meteorological,Extreme temperature ,Heat wave,,,Italy,ITA,Southern Europe,Europe,"Milano district (Lombardia province), Torino district (Piemonte province), Trieste district (Friuli-venezia Giulia province), Verona district (Veneto province), Messina district (Sicilia province), Roma district (Lazio province), Napoli district (Campania province)",,,,,,,,47.0,°C,,,,,2011,8.0,17.0,2011,8.0,24.0,10.0,,,,,,,,,,,76.8615953778198,2,,18332;18345;18350;18363;18378;18394;18419,"Messina, Milano, Napoli, Roma, Torino, Trieste, Verona (Adm2). "
1408,2010-0372-RUS,2010,372,,Natural,Meteorological,Extreme temperature ,Heat wave,,,Russian Federation (the),RUS,Eastern Europe,Europe,"Moska, Moskovskaya Oblast, Volgogradskaya Oblast, Lipetskaya Oblast, Voronezhskaya Oblast provinces",,,,,,,,40.0,°C,,,,,2010,6.0,,2010,8.0,,55736.0,,,,,,,,,400000.0,536845.0,74.5094440781961,1,2530;2534;2535;2572;2574,,"Lipetskaya Oblast, Moskovskaya Oblast, Moskva, Volgogradskaya Oblast, Voronezhskaya Oblast (Adm1). "
1483,2013-0549-GBR,2013,549,,Natural,Meteorological,Extreme temperature ,Heat wave,,,United Kingdom of Great Britain and Northern Ireland (the),GBR,Northern Europe,Europe,"England, Wales provinces",,,,,,,,40.0,°C,,,,,2013,7.0,,2013,7.0,,760.0,,,,,,,,,,,79.6013094233451,1,3182;3186,,"England, Wales (Adm1). "
1583,2015-0410-BEL,2015,410,,Natural,Meteorological,Extreme temperature ,Heat wave,,,Belgium,BEL,Western Europe,Europe,"Vlaams Gewest, Region de Bruxelles-Capitale / Brussels Hoofdstedelijk Gewes, Region wallonne provinces",,,,,,,,,°C,,,,,2015,6.0,30.0,2015,7.0,5.0,410.0,,,,,,,,,,,80.9885789905908,1,600;601;602,,"Region de Bruxelles-Capitale / Brussels Hoofdstedelijk Gewes, Region wallonne, Vlaams Gewest (Adm1). "
1590,2015-0410-FRA,2015,410,,Natural,Meteorological,Extreme temperature ,Heat wave,,,France,FRA,Western Europe,Europe,"Alsace, Aquitaine, Auvergne, Basse-Normandie, Bourgogne, Bretagne, Centre, Champagne-Ardenne, Corse, Franche-Compte, Haute-Normandie, Ile-de-France, Languedoc-Rousillon, Limousin, Lorraine, Nord-Pas-de-Calais, Pays-de-la-Loire, Picardie, Poitou-Charentes, Provence-Alpes-Côte-D'azur, Rhône-Alpes, Midi-Pyrénées provinces",,,,,,,,40.0,°C,,,,,2015,6.0,29.0,2015,8.0,9.0,3275.0,,,,,,,,,,,80.9885789905908,1,1248;1249;1250;1251;1252;1253;1254;1255;1256;1257;1258;1259;1260;1262;1263;1264;1265;1266;1267;1268;1269;1270,,"Alsace, Aquitaine, Auvergne, Basse-Normandie, Bourgogne, Bretagne, Centre, Champagne-Ardenne, Corse, Franche-Comte, Haute-Normandie, Ile-de-France, Languedoc-Rousillon, Limousin, Lorraine, Midi-Pyrenees, Nord-Pas-de-Calais, Pays-de-la-Loire, Picardie, Poitou-Charentes, Provence-Alpes-Cote-d'Azur, Rhone-Alpes (Adm1). "
1679,2018-0235-ESP,2018,235,,Natural,Meteorological,Extreme temperature ,Heat wave,,,Spain,ESP,Southern Europe,Europe,,,,,,,,,47.0,°C,,,,,2018,8.0,,2018,8.0,,9.0,,,,,,,,,,,85.8030260572654,,,,
1697,2019-0296-BEL,2019,296,,Natural,Meteorological,Extreme temperature ,Heat wave,,,Belgium,BEL,Western Europe,Europe,,,,,,,,,35.0,°C,,,,,2019,6.0,21.0,2020,7.0,1.0,128.0,,,,,,,,,,,87.3580067738847,1,600;601;602,,"Region de Bruxelles-Capitale / Brussels Hoofdstedelijk Gewes, Region wallonne, Vlaams Gewest (Adm1). "
1700,2019-0296-DEU,2019,296,,Natural,Meteorological,Extreme temperature ,Heat wave,,,Germany,DEU,Western Europe,Europe,,,,,,,,,39.0,°C,,,,,2019,6.0,24.0,2019,6.0,30.0,4.0,,,,,,,,,,,87.3580067738847,1,1308,,Baden-Wuerttemberg (Adm1). 
1701,2019-0296-ESP,2019,296,,Natural,Meteorological,Extreme temperature ,Heat wave,,,Spain,ESP,Southern Europe,Europe,"Cordoba, Valladolid",,,,,,,,,°C,,,,,2019,6.0,26.0,2019,6.0,30.0,2.0,,,,,,,,,,,87.3580067738847,2,,25778;25799,"C??rdoba, Valladolid (Adm2). "
1702,2019-0296-FRA,2019,296,,Natural,Meteorological,Extreme temperature ,Heat wave,,,France,FRA,Western Europe,Europe,"Vaucluse, Bouches-du-Rhône, Hérault, Gard",,,,,,,,46.0,°C,,,,,2019,6.0,24.0,2019,7.0,7.0,567.0,,,,,,,,,,,87.3580067738847,2,,16287,Herault (Adm2). 
1703,2019-0296-GBR,2019,296,,Natural,Meteorological,Extreme temperature ,Heat wave,,,United Kingdom of Great Britain and Northern Ireland (the),GBR,Northern Europe,Europe,"Cornwall, Manchester",,,,,,,,,°C,,,,,2019,6.0,26.0,2019,6.0,30.0,5.0,,,,,,,,,,,87.3580067738847,2,,40101;40111,"Cornwall, Greater Manchest (Adm2). "
1755,2019-0296-ITA,2019,296,,Natural,Meteorological,Extreme temperature ,Heat wave,,,Italy,ITA,Southern Europe,Europe,"Marche Region, Veneto Region, Milan",,,,,,,,,°C,,,,,2019,6.0,26.0,2019,6.0,30.0,3.0,,,,,,,,,,,87.3580067738847,1;2,1625;1635,18363,"Marche, Veneto (Adm1). Milano (Adm2). "
1770,2019-0366-AUT,2019,366,,Natural,Meteorological,Extreme temperature ,Heat wave,,,Austria,AUT,Western Europe,Europe,,,,,,,,,,°C,,,,,2019,7.0,24.0,2019,7.0,26.0,1.0,,,,,,,,,,,87.3580067738847,,,,
1771,2019-0366-BEL,2019,366,,Natural,Meteorological,Extreme temperature ,Heat wave,,,Belgium,BEL,Western Europe,Europe,,,,,,,,,41.0,°C,,,39.7,,2019,7.0,19.0,2019,7.0,27.0,400.0,,,,,,,,,,,87.3580067738847,,,,
1772,2019-0650-BEL,2019,650,,Natural,Meteorological,Extreme temperature ,Heat wave,,,Belgium,BEL,Western Europe,Europe,,,,,,,,,35.0,°C,,,,,2019,8.0,23.0,2019,8.0,29.0,188.0,,,,,,,,,,,87.3580067738847,,,,
1777,2020-0530-BEL,2020,530,,Natural,Meteorological,Extreme temperature ,Heat wave,,,Belgium,BEL,Western Europe,Europe,,,,,,,,,,°C,,,,,2020,8.0,5.0,2020,8.0,8.0,1687.0,,,,,,,,,,,88.4356408059336,1,600;601;602,,"Region de Bruxelles-Capitale / Brussels Hoofdstedelijk Gewes, Region wallonne, Vlaams Gewest (Adm1). "
1822,2019-0366-FRA,2019,366,,Natural,Meteorological,Extreme temperature ,Heat wave,,,France,FRA,Western Europe,Europe,Toute la France métropolitaine (excepté l'ouest de la Bretagne et la Corse),,,,,,,,44.0,°C,,,,,2019,7.0,21.0,2019,7.0,27.0,868.0,,,,,,,,,,,87.3580067738847,,,,
1824,2019-0650-GBR,2019,650,,Natural,Meteorological,Extreme temperature ,Heat wave,,,United Kingdom of Great Britain and Northern Ireland (the),GBR,Northern Europe,Europe,,,,,,,,,39.0,°C,,,,,2019,7.0,21.0,2019,8.0,28.0,161.0,,,,,,,,,,,87.3580067738847,,,,
1827,2019-0366-NLD,2019,366,,Natural,Meteorological,Extreme temperature ,Heat wave,,,Netherlands (the),NLD,Western Europe,Europe,,,,,,,,,40.0,°C,,,,,2019,7.0,22.0,2019,7.0,27.0,400.0,,,,,,,,,,,87.3580067738847,,,,
1839,2020-0530-FRA,2020,530,,Natural,Meteorological,Extreme temperature ,Heat wave,,,France,FRA,Western Europe,Europe,,,,,,,,,,°C,,,,,2020,7.0,30.0,2020,8.0,16.0,1924.0,,,,,,,,,,,88.4356408059336,1,1248;1249;1250;1251;1252;1253;1254;1255;1256;1257;1258;1259;1260;1262;1263;1264;1265;1266;1267;1268;1269;1270,,"Alsace, Aquitaine, Auvergne, Basse-Normandie, Bourgogne, Bretagne, Centre, Champagne-Ardenne, Corse, Franche-Comte, Haute-Normandie, Ile-de-France, Languedoc-Rousillon, Limousin, Lorraine, Midi-Pyrenees, Nord-Pas-de-Calais, Pays-de-la-Loire, Picardie, Poitou-Charentes, Provence-Alpes-Cote-d'Azur, Rhone-Alpes (Adm1). "
1843,2020-0530-GBR,2020,530,,Natural,Meteorological,Extreme temperature ,Heat wave,,,United Kingdom of Great Britain and Northern Ireland (the),GBR,Northern Europe,Europe,,,,,,,,,,°C,,,,,2020,6.0,,2020,8.0,,2556.0,,,,,,,,,,,88.4356408059336,1,3182;3183;3184;3186,,"England, Northern Ireland, Scotland, Wales (Adm1). "
1854,2020-0530-NLD,2020,530,,Natural,Meteorological,Extreme temperature ,Heat wave,,,Netherlands (the),NLD,Western Europe,Europe,,,,,,,,,,°C,,,,,2020,8.0,5.0,2020,8.0,16.0,400.0,,,,,,,,,,,88.4356408059336,1,2158;2159;2160;2161;2162;2163;2164;2165;2166;2167;2168;2169,,"Drenthe, Flevoland, Friesland, Gelderland, Groningen, Limburg, Noord-brabant, Noord-holland, Overijssel, Utrecht, Zeeland, Zuid-holland (Adm1). "
1931,2022-0465-DEU,2022,465,,Natural,Meteorological,Extreme temperature ,Heat wave,,,Germany,DEU,Western Europe,Europe,,,,,,,,,40.0,°C,,,,,2022,5.0,30.0,2022,9.0,4.0,8173.0,,,,,,,,,,,100.0,,,,
1950,2022-0465-ESP,2022,465,,Natural,Meteorological,Extreme temperature ,Heat wave,,,Spain,ESP,Southern Europe,Europe,,,,,,,,,43.0,°C,,,,,2022,5.0,30.0,2022,9.0,4.0,11324.0,,,,,,,,,,,100.0,,,,
1954,2022-0465-FRA,2022,465,,Natural,Meteorological,Extreme temperature ,Heat wave,,,France,FRA,Western Europe,Europe,,,,,,,,,42.0,°C,,,,,2022,5.0,30.0,2022,9.0,4.0,4807.0,20000.0,,,20000.0,,,,,,,100.0,,,,
1956,2022-0465-GBR,2022,465,,Natural,Meteorological,Extreme temperature ,Heat wave,,,United Kingdom of Great Britain and Northern Ireland (the),GBR,Northern Europe,Europe,,,,,,,,,40.0,°C,,,,,2022,5.0,30.0,2022,9.0,4.0,3469.0,,,,,,,,,,,100.0,,,,
1970,2022-0465-PRT,2022,465,,Natural,Meteorological,Extreme temperature ,Heat wave,,,Portugal,PRT,Southern Europe,Europe,,,,,,,,,47.0,°C,,,,,2022,5.0,30.0,2022,9.0,4.0,2212.0,,,,,,,,,,,100.0,,,,
